{"playerPos":{"x":33.5,"y":0.20003700256347657,"z":262.6000061035156},"health":10.0,"alived":[0,0,0,0,0,0,0,0,0,0,0,0,0,0,0,0,0,0,0,0,0],"aliveChecked":0,"counts":3,"nowB":6,"nowPB":12,"leftB":12,"leftPB":12}